image_filename,description
annotated_frame_0003.jpg,"The image shows a scene from a surveillance camera, likely from a two-camera system, as indicated by the ""CAM 2"" label in the bottom left corner. The camera captures two individuals walking on a dirt path.

1. **Clothing**:
   - The person on the left is wearing a red top and a dark-colored skirt.
   - The person on the right is wearing a striped shirt with horizontal stripes in shades of blue, white, and black.

2. **Appearance**:
   - Both individuals appear to be middle-aged or older.
   - The person on the left has dark hair, and the person on the right has short hair.
   - Both individuals are walking side by side, facing the same direction.

3. **Colors**:
   - The red top of the person on the left is the most prominent color.
   - The striped shirt of the person on the right is the second most prominent color.

4. **Patterns**:
   - The red top has a simple, solid color pattern.
   - The striped shirt has a more complex pattern with horizontal stripes.

5. **Visible Details**:
   - The background includes a concrete structure, possibly a water tank or a storage tank, and some vegetation.
   - The path they are walking on is unpaved, with a rough surface.
   - The sky appears to be clear, suggesting it is daytime.

Overall, the image captures a candid moment of two individuals walking together, with clear visibility of their clothing and appearance."
annotated_frame_0005.jpg,"The image shows a scene from a surveillance camera, likely from a security system. The camera is labeled ""CAM 2"" and the timestamp is ""2018-02-10 17:18:23."" The scene appears to be an outdoor setting, possibly a residential area.

1. **Foreground Objects:**
   - **Person 1:** A person wearing a red shirt and a blue and white striped shirt. The person is walking on the sidewalk.
   - **Person 2:** Another person, also wearing a red shirt, is walking behind the first person. The person is wearing a blue and white striped shirt.

2. **Surroundings:**
   - **Sidewalk:** The scene is set on a sidewalk.
   - **Pathway:** There is a pathway leading away from the sidewalk.
   - **Vegetation:** There is some greenery visible, including a tree and some bushes.
   - **Building:** In the background, there is a building with a blue roof and a black tank or container on the sidewalk.
   - **Wall:** There is a wall on the left side of the image, which appears to be made of concrete or a similar material.

3. **Objects in the Background:**
   - **Car:** There is a white car parked on the right side of the image, partially visible.
   - **People:** There are other people in the background, but they are not the main focus of the image.
   - **Trees:** There are trees visible in the background, adding to the natural setting.

4. **Weather and Lighting:**
   - The lighting suggests it is daytime, likely late afternoon or early evening, as indicated by the shadows and the angle of the light.

5. **Additional Details:**
   - The timestamp on the image indicates that it was taken on February 10, 2018, at 17:18:23.
   - The camera is labeled ""CAM 2,"" which suggests it is part of a larger surveillance system.

Overall, the image captures a typical residential scene with people walking on a sidewalk, a car parked in the background, and some natural elements in the surroundings."
annotated_frame_0008.jpg,"The image shows a street scene with two individuals walking side by side. The person on the left is wearing a red dress with a pattern that appears to be floral or abstract. The person on the right is wearing a striped shirt with a combination of blue and white colors. Both individuals are walking on a concrete sidewalk.

In the background, there is a residential area with a few buildings and a water tank. The sky is clear, and the overall lighting suggests it is daytime. The image also includes a timestamp in the top right corner, indicating the date and time of the capture."
annotated_frame_0016.jpg,"The image shows two individuals walking on a narrow, paved path. The person on the left is wearing a red dress with a pattern that appears to be floral or abstract. The person on the right is wearing a striped shirt with dark blue and white stripes. Both individuals are walking side by side, with the person on the left slightly ahead of the person on the right. 

The path they are walking on is relatively narrow, with a concrete sidewalk on one side and a grassy area on the other. There is a black water tank or container on the left side of the path. In the background, there are some buildings and a blue tarp or awning, suggesting a residential or rural setting. The sky appears to be clear, indicating it might be daytime."
annotated_frame_0019.jpg,"The image shows a street scene with three individuals walking. Here is a detailed description of their clothing and appearance:

1. **Person 1 (Leftmost Individual)**:
   - **Clothing**: The individual is wearing a checkered shirt with a pattern of small squares in shades of blue and white.
   - **Appearance**: The person is facing away from the camera, and their back is turned to the viewer. They appear to be walking on the sidewalk.
   - **Visible Details**: The person is wearing a pair of shoes and has a backpack slung over their shoulder.

2. **Person 2 (Middle Individual)**:
   - **Clothing**: The individual is wearing a red dress with a pattern of small white dots.
   - **Appearance**: The person is facing the camera, and their back is slightly turned. They appear to be walking on the sidewalk.
   - **Visible Details**: The person is wearing a pair of shoes and has a backpack slung over their shoulder.

3. **Person 3 (Rightmost Individual)**:
   - **Clothing**: The individual is wearing a striped shirt with a pattern of small white and blue squares.
   - **Appearance**: The person is facing the camera, and their back is slightly turned. They appear to be walking on the sidewalk.
   - **Visible Details**: The person is wearing a pair of shoes and has a backpack slung over their shoulder.

**Additional Details**:
- **Background**: The background includes a concrete wall, a blue tarp, and some other indistinct objects.
- **Time and Date**: The image is dated 2018-02-10 17:18:26.
- **Camera**: The image is labeled ""CAM 2"".

The scene appears to be a typical street scene in an urban or semi-urban area, with people going about their daily activities."
annotated_frame_0021.jpg,"The image shows a street scene with three individuals walking down a sidewalk. Here is a detailed description of their clothing and appearance:

1. **Person 1 (Frontmost Individual):**
   - **Clothing:** The person is wearing a checkered shirt with a pattern of small squares in shades of blue and green. The shirt is short-sleeved and appears to be made of a lightweight fabric.
   - **Appearance:** The individual is walking with a relaxed posture, and their face is not visible in the image. The person is wearing dark-colored pants.
   - **Visible Details:** The person is walking on the sidewalk, and their feet are visible as they step forward.

2. **Person 2 (Middle Individual):**
   - **Clothing:** The person is wearing a red dress. The dress has a simple design with a straight neckline and a fitted bodice.
   - **Appearance:** The individual is walking with a relaxed posture, and their face is not visible in the image. The person is wearing dark-colored pants.
   - **Visible Details:** The person is walking on the sidewalk, and their feet are visible as they step forward.

3. **Person 3 (Backmost Individual):**
   - **Clothing:** The person is wearing a striped shirt with a pattern of horizontal stripes in shades of blue and white. The shirt is short-sleeved and appears to be made of a lightweight fabric.
   - **Appearance:** The individual is walking with a relaxed posture, and their face is not visible in the image. The person is wearing dark-colored pants.
   - **Visible Details:** The person is walking on the sidewalk, and their feet are visible as they step forward.

**Additional Details:**
- **Surroundings:** The street is lined with buildings and a few trees. There is a black water tank on the left side of the sidewalk.
- **Time and Date:** The image is dated 2018-02-10 17:18:26 and labeled as ""Class 2: 0.76.""
- **Camera:** The image is labeled ""CAM 2.""

The scene appears to be a typical street scene in an urban or suburban area, with people going about their daily activities."
annotated_frame_0023.jpg,"The image shows a street scene with a group of people walking. Here is a detailed description of the person's clothing and appearance:

1. **Clothing**:
   - The person in the foreground is wearing a checkered shirt.
   - The shirt is primarily white with dark blue and black checkered patterns.
   - The person is also wearing blue shorts.
   - The person is walking on the sidewalk.

2. **Appearance**:
   - The person has dark hair.
   - The person is wearing a striped shirt, which appears to be a light blue and white color combination.
   - The person is wearing dark pants.
   - The person is walking with a relaxed posture.

3. **Visible Details**:
   - The person is walking on a concrete sidewalk.
   - The sidewalk is bordered by a concrete wall on one side.
   - There is a black water tank or container on the sidewalk.
   - The background shows a residential area with buildings and a blue tarp or awning.
   - There is a white car parked on the side of the road.
   - The sky appears to be clear, indicating it is daytime.

4. **Additional Details**:
   - The image has a timestamp in the top right corner, indicating it was taken on February 10, 2018, at 17:18:27.
   - The image is labeled ""CAM 2"" in the bottom left corner.
   - The image is labeled ""Class 2: 0.76"" in the top right corner, which likely refers to a classification or detection result.

Overall, the image captures a moment of everyday life in a residential area, with the focus on the group of people walking."
annotated_frame_0040.jpg,"The image depicts a scene from a surveillance camera, likely from a security system. The camera is labeled ""CAM 2"" and the timestamp is ""2018-02-10 17:18:30."" The scene appears to be an outdoor setting, possibly a residential area.

1. **Foreground Objects:**
   - **Person 1:** A person wearing a striped shirt and shorts. The shirt is primarily white with horizontal stripes in shades of blue and gray. The shorts are red.
   - **Person 2:** Another person, also wearing a striped shirt and shorts. The shirt is white with horizontal stripes in shades of blue and gray, and the shorts are red.
   - **Person 3:** A person lying on the ground, wearing a red shirt and shorts. The shirt is red, and the shorts are red as well.

2. **Background Objects:**
   - **Car:** A white car is parked on the side of the road. The car is partially visible, with the front and side of the vehicle showing.
   - **Building:** There is a building with a blue tarp covering part of it. The building appears to be made of concrete or brick.
   - **Vegetation:** There is some greenery visible, including trees and bushes.
   - **Surroundings:** The area is surrounded by a concrete sidewalk and a dirt path. There are also some buildings and structures in the background.

3. **Environmental Details:**
   - The weather appears to be clear, as there are no visible clouds or rain.
   - The lighting suggests it is daytime, possibly late afternoon or early evening, as the shadows are long.

4. **Additional Details:**
   - The surveillance camera is equipped with a face recognition system, as indicated by the ""Person: 0.75"" label on the image. This suggests that the system is trained to recognize faces and is likely used for security purposes.
   - The timestamp on the image indicates that it was recorded on February 10, 2018, at 17:18:30.

Overall, the image shows a scene of two individuals engaging in an interaction, with one person lying on the ground and the other two individuals involved in some activity. The surveillance system is used to identify and track these individuals, which is a common feature in modern security systems."
annotated_frame_0041.jpg,"The image shows a scene from a surveillance camera, likely from a residential area. Here is a detailed description of the person and their clothing:

1. **Person 1 (Left)**:
   - **Clothing**: The person is wearing a blue and white checkered shirt.
   - **Appearance**: The person has short hair and is standing on the sidewalk.
   - **Visible Details**: The person is holding a black object in their right hand, which appears to be a remote control or a similar device.

2. **Person 2 (Right)**:
   - **Clothing**: The person is wearing a striped shirt.
   - **Appearance**: The person is lying on the ground, with their head turned to the side.
   - **Visible Details**: The person is wearing blue jeans and has a white shirt underneath the striped shirt.

3. **Surroundings**:
   - **Surrounding Area**: The scene is set on a residential street with a sidewalk.
   - **Objects**: There is a black water tank on the sidewalk, and a white car parked on the side of the road.
   - **Background**: The background includes a few houses and a blue tarp or awning on a building.

The image also includes a timestamp and a label indicating ""Class 2: 0.78,"" which suggests that the system is classifying the scene into two categories."
annotated_frame_0049.jpg,"The image shows a person lying on the ground in a residential area. The person is wearing a pink shirt. The shirt appears to be a solid color with no visible patterns or designs. The person's hair is not visible in the image, and there are no other distinguishing features such as a hat, scarf, or accessories that can be seen. The person is lying on their back on a concrete surface, which is part of a paved pathway. The pathway is bordered by a concrete wall on one side and a dirt path on the other. In the background, there are some buildings and a car parked on the side of the road. The timestamp in the image is 2018-02-10 17:18:32."
